Unnamed: 0,video_id,channelTitle,title,tags,publishedAt,viewCount,likeCount,commentCount,subscriberCount,duration,definition,thumbnail-url,hue,saturation,lightness,face_count,text_presence,lang,recognized_text
0,zAKxG6m00_Q,Power Rangers f√ºr Kinder - Offiziellen Kanal,Power Rangers f√ºr Kinder | Dino Super Charge | Ganze Folge | Ep.12 | Einige Strahlen fangen,"['power rangers', 'power rangers deutsch', 'power ranger', 'power rangers beast morphers', 'power rangers intro', 'pauer rangers auf deutsch', 'power rangers beast morphers auf deutsch', 'power rangers auf deutsch', '#powerrangers', 'power rangers deutsch ganze folge', 'power rangers song', 'power rangers dino charge', '#gogopowerrangers', 'power rangers beast morphers deutsch', 'power ranger musik', 'power rangers beast morphers intro', 'power ranger auf deutsch', 'power ranger deutsch', 'power rangers samurai']",2021-03-08T08:00:30Z,423318,2663.0,0.0,,PT23M34S,hd,https://i.ytimg.com/vi/zAKxG6m00_Q/hqdefault.jpg,334.7898864746094,0.1924698203802108,0.264713317155838,0.0,1,['de'],"['power', 'rangers']"
1,MBZ5qzOUw_o,Bayerischer Rundfunk,"Trotz Hitze, K√§lte und Dreck: Traumberuf Maurerin | Schwaben & Altbayern | BR","['ausbildung', 'ausbildung maurer', 'baustelle', 'bauunternehmer', 'br fernsehen', 'frau als maurer', 'frauen handwerk', 'gesellenpr√ºfung', 'handwerk ausbildung', 'ludwig hilmer', 'maurer azubi', 'maurerin', 'menschen', 'nachwuchsmangel', 'schwaben altbayern', 'br zwischen schwaben und altbayern', 'ausbildung in germany', 'ausbildung in deutschland', 'maurer ausbildung pr√ºfung', 'ausbildung als maurer', 'maurer ausbildung beruf', 'ausbildung zum maurer', 'handwerksberufe frauen', 'frauen in handwerk und technik', 'frauen im handwerk']",2021-05-18T15:58:49Z,226989,2019.0,331.0,,PT8M27S,hd,https://i.ytimg.com/vi/MBZ5qzOUw_o/hqdefault.jpg,224.3758850097656,0.2021563649177551,0.3663639426231384,1.0,1,['de'],"['be', 'traumberuf', 'maurerin']"
3,17sC0OgVLvs,SWR Landesschau Rheinland-Pfalz,Schl√∂sser und Burgen in der S√ºdeifel - Expedition in die Heimat | SWR Fernsehen,"['Rheinland-Pfalz', 'Pfalz', 'SWR', 'Landesschau', 'SWR Heimat', 'SWR Fernsehen', 'Reportage', 'Bericht', 'Doku', 'Spannende Menschen', 'Service', 'Ratgeber', 'Aus der Region', 'Schl√∂sser', 'Burg', 'S√ºdeifel']",2018-10-17T14:51:22Z,96119,767.0,47.0,,PT44M45S,hd,https://i.ytimg.com/vi/17sC0OgVLvs/hqdefault.jpg,193.7162933349609,0.3435181379318237,0.2525231838226318,0.0,0,['de'],[]
4,hIOb9b-xspc,Max the Meat Guy,Duck & A Story #shorts,"['How to dry age duck', 'dry ager machine', 'should I get a dry ager', 'UX1000 dry ager', 'dry ager', 'duck', 'how to cook crispy duck', 'what is liquid gold', 'duck breast', 'how to cook duck', 'how long do I dry age duck', 'dry aged duck', 'max the meat guy', 'maxthemeatguy', 'max the meat guy TikTok', 'maxthemeatguy TikTok', 'what should I grill this weekend', 'what does dry aging do', 'keto dinner', 'keto recipe', 'pekin duck', 'what is a pekin duck', 'crispy duck', 'liquid gold', 'asmr', 'duck fat potatoes']",2021-05-17T19:30:03Z,6528413,309991.0,1971.0,,PT31S,hd,https://i.ytimg.com/vi/hIOb9b-xspc/hqdefault.jpg,332.4537658691406,0.1644940823316574,0.3097354471683502,0.0,1,['en'],"['duck', 'story']"
5,ocMhlVaQjcc,PULS Reportage,Sind uns Behinderte egal? || Die Frage,"['die frage', 'behinderung', 'behinderte', 'menschen mit behinderung', 'inklusion', 'teilhabegesetz', 'gleichberechtigung']",2015-12-19T12:14:46Z,230695,3912.0,506.0,,PT29M45S,hd,https://i.ytimg.com/vi/ocMhlVaQjcc/hqdefault.jpg,246.4782867431641,0.1971469223499298,0.2916801869869232,2.0,1,['de'],"['die', 'frage']"
6,fp4mPDkS5eI,SWR Landesschau Rheinland-Pfalz,"Binger Comedy Nights 2018: ""Waltraud und Mariechen"" alias Heissmann und Rassau | SWR Fernsehen","['Rheinland-Pfalz', 'Pfalz', 'SWR', 'Landesschau', 'SWR Heimat', 'SWR Fernsehen', 'Reportage', 'Bericht', 'Doku', 'Spannende Menschen', 'Service', 'Ratgeber', 'Aus der Region', 'Waltraud', 'Mariechen', 'Bingen', 'Comedy Night', 'Heissmann', 'Rassau']",2018-07-24T10:07:27Z,429998,2096.0,36.0,,PT27M19S,hd,https://i.ytimg.com/vi/fp4mPDkS5eI/hqdefault.jpg,352.82977294921875,0.4388438165187835,0.2191419601440429,0.0,1,['de'],"['swr', 'waltraud', 'und', 'mariechen']"
7,5TbOAT004cA,Miguel ASSAL ,"Si ves esto en tu pechuga , no lo comas.#curiosidades #supervivencia #sabiasque",,2024-12-22T20:10:26Z,1349867,135522.0,843.0,,PT44S,hd,https://i.ytimg.com/vi/5TbOAT004cA/hqdefault.jpg,216.64697265625,0.5150586366653442,0.2308690100908279,0.0,1,['es'],"['pechuga', 'si', 'ves', 'esto', 'en', 'tu', 'no', 'lo', 'comas', 'ahhhh', 'his', 'migne', 'so', 'chaen', 'straw', 'wlin', 'oe', 'en']"
8,vFDWJIjqqBE,SRF Dokus & Reportagen,Frauen im Gef√§ngnis ‚Äì So leben weibliche Gefangene in der JVA Hindelbank | Reportage | SRF,"['srf dok', 'reporter', 'reportage', 'reporter srf', 'srf reporter', 'srf', 'doku', 'reportage schweiz', 'dok', 'dok srf', 'srf doku', 'doku schweiz', 'doku srf', 'frauengef√§ngnis doku', 'frauengef√§ngnis schweiz hindelbank', 'gefangenendilemma', 'gef√§ngnis doku 2022', 'gef√§ngnis doku schweiz', 'verbrechen doku', 'jva hindelbank', 'hindelbank frauengef√§ngnis', 'brand hindelbank', 'gef√§ngnis schweiz', 'srf reporter gef√§ngnis', 'annette keller', 'jva', 'Justizvollzugsanstalt', 'gef√§ngnisalltag', 'isolation', 'sicherheitsdienst doku']",2022-02-16T16:00:29Z,329972,2324.0,307.0,,PT32M38S,hd,https://i.ytimg.com/vi/vFDWJIjqqBE/hqdefault.jpg,46.15794372558594,0.1328943371772766,0.330556720495224,0.0,1,['de'],"['srf', 'reporter', 'cjedem', 'sein', 'gewissenm']"
9,bPtdJSkYIdI,Kikis Kitchen,San Sebastian Cheesecake - die Geschichte eines verbrannten K√§sekuchens in Istanbul ... / Rezept,"['kikis rezepte', 'cooking', 'boiling', 'kuchen', 'herzhaftes', 'kochen', 'backen', 'rezepte', 'einfache rezepte', 'san sebastian cheesecake', 'san sebastian tarifi', 'san sebastian rezept', 'san sebastian cheesecake deutsch', 'san sebastian cheesecake recipe', 'original san sebastian cheesecake', 'foodtrends istanbul', 'foodtrends', 'trend torten', 'trendcake', 'trending cakes', 'torten backen', 'k√§sekuchen', 'vanille kuchen', 'vanilleextrakt', 'cremiger kuchen']",2020-01-05T09:00:10Z,2612478,47862.0,10322.0,,PT13M26S,hd,https://i.ytimg.com/vi/bPtdJSkYIdI/hqdefault.jpg,320.8582458496094,0.2856221795082092,0.3464102745056152,1.0,1,['de'],"['sebastian', 'san', 'cheesecake']"
10,QS6dyANE01Y,K√ºma Tutorials,Socken h√§keln f√ºr Anf√§nger  | mit Sockengarn | jede Gr√∂√üe,"['H√§keln', 'H√§keln lernen', 'H√§kelanf√§nger', 'Socken h√§keln', 'Socken h√§keln f√ºr Anf√§nger', 'Socke', 'Socken Anleitung', 'Socken Stricken f√ºr Anf√§nger', 'Socks', 'easy crochet socks']",2022-04-07T16:00:22Z,444139,7029.0,384.0,,PT36M44S,hd,https://i.ytimg.com/vi/QS6dyANE01Y/hqdefault.jpg,333.7904052734375,0.3506328761577606,0.5210738778114319,0.0,1,['de'],"['hakel', 'socken', 'fur', 'anfanger']"
11,h_DVdCSVTBI,viele Rezepte,Ich habe noch nie so leckere Eier mit Tomaten gegessen! Das einfachste FruÃàhstuÃàck in 5 min #103,"['viele_Rezepte', 'rezept', 'rezepte', 'einfachste Fr√ºhst√ºck in 5 minuten', 'Fr√ºhst√ºck in 5 Minuten', 'Eier mit Tomaten', 'k√∂stliches rezept', 'Eier', 'Tomaten', 'einfach zuzubereiten', 'leckeres Fr√ºhst√ºck in 5 Minuten', 'mein lieblingseierrezept', 'einfaches aber leckeres', 'kochen m√∂chten', 'einfache k√∂stliche Rezept', 'super einfach zuzubereiten', 'r√ºhrei', 'r√ºhrei rezept', 'r√ºhrei machen', 'neue Fr√ºhst√ºcksrezept', 'Neues Rezept', 'viele schnelle Rezepte', 'asmr', 'viele leckere Rezepte', 'kochrezepte', 'viele einfache Rezepte']",2021-10-30T17:27:08Z,19500364,146041.0,2570.0,,PT3M44S,hd,https://i.ytimg.com/vi/h_DVdCSVTBI/hqdefault.jpg,266.6817321777344,0.4531704783439636,0.3839221596717834,0.0,0,['de'],[]
12,pf47LgbYWug,Die Maus,Wie funktioniert ein 3D-Drucker? | DieMaus | WDR,"['3D-Drucker', '3D Drucker', '3D', 'Wie funktioniert ein 3D-Drucker', '3-D-Drucker', 'drucken in 3D', 'Dreidimensional', 'Digital', 'Modellbau', 'Modell drucken', '3D Modell drucken', 'Sachgeschichte', 'Sachgeschichten', 'Sendung mit der Maus', 'DieMaus', 'Die Sendung mit der Maus']",2021-03-01T19:30:01Z,604602,1644.0,0.0,,PT4M53S,hd,https://i.ytimg.com/vi/pf47LgbYWug/hqdefault.jpg,18.152585983276367,0.3857192695140838,0.2851872444152832,0.0,1,['de'],"['drucken', 'in', '3d', 'die', 'maus', 'wdr']"
13,nIURgw7pSio,„Çç„Åì„Åæ„Åì„ÅÇ„Åì„ÉÅ„É£„É≥„Éç„É´,3ÂßâÂ¶π„ÅßË™∞„Åå1Áï™„Äá„ÄáÔºüÔºü1Áï™„Éà„Ç§„É¨„Å´Ë°å„ÅèÂõûÊï∞„ÅåÂ§ö„ÅÑ„ÅÆ„ÅØÔºü1Áï™„Çπ„Éû„Éõ„ÇíËß¶„Å£„Å¶„ÇãÊôÇÈñì„ÅåÈï∑„ÅÑ„ÅÆ„ÅØÔºü#Shorts,"['„Çç„Åì„Åæ„Åì„ÅÇ„Åì', '„Çç„Åì', '„Åæ„Åì', '„ÅÇ„Åì', '‰∏âÂßâÂ¶π', 'ÂèåÂ≠ê', '„Çç„Åì„Åæ„Åì„ÅÇ„Åì„ÉÅ„É£„É≥„Éç„É´']",2024-12-23T09:00:48Z,304035,17170.0,298.0,,PT36S,hd,https://i.ytimg.com/vi/nIURgw7pSio/hqdefault.jpg,243.4785003662109,0.1840304285287857,0.2859815955162048,0.0,0,['ja'],['3c13i']
14,yt0fxHkB4K4,Grill Nation,Jalape√±o Bacon Cheeseburger üçî |Grill Nation,,2022-02-27T19:30:43Z,686188,37611.0,263.0,,PT1M,hd,https://i.ytimg.com/vi/yt0fxHkB4K4/hqdefault.jpg,303.9078063964844,0.1435028463602066,0.298258513212204,0.0,0,['en'],[]
15,slHQk_HSVdE,follow me.reports,So hart ist die Ausbildung zum Butler,"['butler schule', 'butler camp', 'butler akademie', 'butler reportage', 'butler doku', 'butler ausbildung', 'butler streng', 'butler pr√ºfung', 'butler abschluss', 'butler diplom', 'butler job', 'butler diener', 'butler dienende', 'butler dienst', 'butler alltag', 'butler leben', 'butler lernen', 'butler perfektion', 'butler james', 'dinner for one', 'das perfekte dinner', 'international butler academy', 'wie werde ich butler']",2019-11-27T14:17:12Z,1434404,34597.0,2449.0,,PT16M35S,hd,https://i.ytimg.com/vi/slHQk_HSVdE/hqdefault.jpg,215.26364135742188,0.3166646063327789,0.4377779066562652,1.0,1,['de'],"['follow', 'me', 'simon', 'will', 'wird', 'butler']"
16,sVAedbcfCQw,SWR,Hype um Campervans: Alle wollen ein St√ºck Vanlife | SWR Treffpunkt,"['Treffpunkt', 'aufstelldach', 'bet:du=365', 'bet:op=depub', 'bulli', 'california', 'camper', 'camperleben', 'campervans', 'camping', 'campingaufdembauernhof', 'campingbus', 'campingmodule', 'campingtour', 'diy', 'landvergn√ºgen', 'marcopolo', 'm√∂belmodule', 'reisemobil', 'se', 'selbstausbau', 'stellplatz', 'stellplatzapps', 'urlaubaufdembauernhof', 'van', 'vanlife', 'vantour', 'vwbus', 'wildcampen', 'wohnmobil', 'Mobil unterwegs', 'Vanlife hype', 'Van Campen', 'Van unterwegs', 'Van verreisen', 'Van reisen']",2022-04-10T11:00:21Z,211847,1136.0,108.0,,PT29M46S,hd,https://i.ytimg.com/vi/sVAedbcfCQw/hqdefault.jpg,23.830474853515625,0.3372983038425445,0.3651717603206634,0.0,,['de'],[]
17,u_sPONFcIBA,Kenzie Yolles,ONLY DAY TO USE THIS,,2024-12-23T18:22:49Z,738879,46066.0,1472.0,,PT7S,hd,https://i.ytimg.com/vi/u_sPONFcIBA/hqdefault.jpg,210.1003875732422,0.154976338148117,0.2979684472084045,0.0,1,['en'],"['itfnachriseres', 'eveeve']"
18,mlE9ZrepNpY,BallBlitz,WTF happened to Jackson? üò≥üóø Nicolas Jackson isn't funny anymore.üíÄ,,2024-12-23T10:18:36Z,298044,22725.0,105.0,,PT45S,hd,https://i.ytimg.com/vi/mlE9ZrepNpY/hqdefault.jpg,341.755126953125,0.398021250963211,0.1512456387281417,0.0,1,['en'],"['balbli', 'this', 'season', 'ce', 'fe']"
19,r0B52HuTNbk,ailaughatmyownjokes,I wish u guys happiness and health! Also tell your mom I said hi ;) give her a lil smoochie from me,,2024-12-23T17:42:47Z,292664,42821.0,643.0,,PT56S,hd,https://i.ytimg.com/vi/r0B52HuTNbk/hqdefault.jpg,218.9200897216797,0.3661074042320251,0.2862427234649658,1.0,1,['en'],"['usually', 'becanse', 'you', 'at', 'scream', 'me']"
20,yJob09cjy3g,Aktuell und Brisant,üö®VOR 3 MINUTEN!!! Geert Wilders: SCHOCKIERENDE Warnung an das deutsche Volk!!!,"['Nachrichten', 'Aktuelle Nachrichten', 'Breaking News', 'Deutsche Nachrichten', 'Politik', 'Wirtschaft', 'Gesellschaft', 'Europa', 'Weltgeschehen', 'Live-Nachrichten', 'Eilmeldungen', 'Exklusiv', 'Reportage', 'Meinungsfreiheit', 'Investigativer Journalismus', 'Tagesaktuell', 'Nachrichten von heute', 'Unabh√§ngige Nachrichten', 'Brisante Themen', 'Analysen und Kommentare']",2024-12-23T20:33:37Z,152622,7709.0,861.0,,PT8M,hd,https://i.ytimg.com/vi/yJob09cjy3g/hqdefault.jpg,333.9847717285156,0.3089383542537689,0.2844325006008148,0.0,1,['de'],"['live', 'eilmeldungis']"
21,3ShBqmJdHNQ,Gesund und schnell,"Gezuckerte kondensmilch und Kakao umr√ºhren, Sie werden vom Ergebnis begeistert sein! Tr√ºffelrezept","['gezuckerte kondensmilch', 'Gesund und schnell', 'wie man kocht', 'kondensmilch', 'einfaches rezept', 'schokolade', 'leckere minute', 'super lecker', 'dessert', 'schnell zum tee', 'kondensmilch und kakao', 'kondensmilch rezept', 'kondensmilch rezepte', 'dessert rezept', 'lecker', 'schnelle rezepte', 'kuchen', 'einfache rezepte', 'milk', 'kondensmilch selber machen', 'Einfaches Tr√ºffelrezept', 'Tr√ºffelrezept', 'kochen', 'essen', 'valentine recipe', 'truffle chocolate', 'condensed milk chocolate truffles recipe', 'gesund und schnell kochen']",2021-04-17T14:15:59Z,31788366,288072.0,10967.0,,PT6M30S,hd,https://i.ytimg.com/vi/3ShBqmJdHNQ/hqdefault.jpg,351.2869567871094,0.1828605681657791,0.3405809998512268,0.0,0,['de'],[]
22,458kkvthnMw,SWR Doku,SOS Gro√üstadtklinik | Magenkrebs-OP - Eine echte Herausforderung (1/9) | SWR Doku,"['SOS Grossstadtklinik Stuttgart', 'Magenkrebs', 'Magenentfernung', 'Operation', 'Notruf', 'Rettungssanit√§ter', 'Motorradunfall', 'Notaufnahme', 'Kniescheibe', 'Diakonie-Klinikum', 'Stuttgart', 'Arzt', '√Ñrzte', 'Pflegekr√§fte', 'Klinik', 'Krankenhaus', 'Remote-Kamera', 'Dokureihe', 'Dokuserie', 'Medizin', 'SWR Doku', 'Doku', 'betrifft SWR', 'SWR Filme auf dem Dokukanal', 'ARD Dokus', 'Dokus Das Erste', '7 Tage', 'Mensch Leute']",2021-09-29T17:00:01Z,906049,9518.0,354.0,,PT44M17S,hd,https://i.ytimg.com/vi/458kkvthnMw/hqdefault.jpg,33.005218505859375,0.4898654520511627,0.3091150522232055,0.0,1,['de'],"['dokl', 'swri', 'sos', 'grobstadtklinik']"
23,rYJfp59UFMY,NDR Doku,Gro√ües Herz f√ºr schwierige Hunde | Die Nordreportage | NDR Doku,"['Doku', 'Dokumentation', 'Dominic K√∂ppen', 'Ehrenamt', 'Engagement', 'Hund', 'Hunde', 'Hundetraining', 'NDR', 'NDRDoku', 'Oldenburg', 'Reportage', 'Tiere', 'Tierheim', 'Tierheimhunde', 'Tierpfleger', 'Tierschutz', 'Tierschutzhunde', 'Training']",2021-08-02T08:04:44Z,521862,10100.0,528.0,,PT28M32S,hd,https://i.ytimg.com/vi/rYJfp59UFMY/hqdefault.jpg,267.2593688964844,0.2424104213714599,0.2762147188186645,0.0,1,['de'],"['ndr', 'fur', 'tiere', 'einsatz', 'im']"
24,vxk5l8bVdMY,SWR Doku,7 Tage... In der Abtreibungsklinik | SWR Doku,"['7 Tage Abtreibungsklinik', 'Abtreibung', 'Schwangerschaftsabbruch', 'SWR Doku', 'Doku', 'betrifft SWR', 'SWR Filme auf dem Dokukanal', 'ARD Dokus', 'Dokus Das Erste', '7 Tage', 'Mensch Leute', 'Friedrich Stapf Abtreibungs-Arzt M√ºnchen', 'Abtreibungs-Gegner', 'Abtreibungsklinik', 'Beratungsgespr√§ch Abtreibung', 'Abbruch Schwangerschaft', 'Scham Tabu Angst Schwangerschaftsabbruch', 'abortion']",2020-11-11T18:00:35Z,2756993,33954.0,10507.0,,PT30M11S,hd,https://i.ytimg.com/vi/vxk5l8bVdMY/hqdefault.jpg,149.6765899658203,0.2182927131652832,0.4545902907848358,0.0,1,['de'],"['swrs', 'doku', 'tage', 'abtreibungsklinik']"
25,zoPAgNUgX-s,The Tonight Show Starring Jimmy Fallon,"USA Dominates Tokyo Olympics, KFC‚Äôs New Hotel | The Tonight Show Starring Jimmy Fallon","['Jimmy Fallon', 'talk', 'tonight show', 'usa', 'dominates', 'tokyo', 'olympics', 'kfc', 'new hotel', 'tokyo olympics', '2020 olympics', '2021 Olympics', 'USA', 'Medals', 'NBC', 'NBC TV', 'Television', 'Funny', 'Talk Show', 'comedic', 'humor', 'snl', 'tonight', 'show', 'jokes', 'funny video', 'interview', 'variety', 'comedy sketches', 'talent', 'celebrities', 'video', 'clip', 'highlight', 'Monologue', 'Olympics', 'Simone Biles', 'Gymnastics', 'Sunisa Lee', 'Suni Lee', 'Fallon Monologue']",2021-08-10T03:54:47Z,200573,2645.0,156.0,,PT9M14S,hd,https://i.ytimg.com/vi/zoPAgNUgX-s/hqdefault.jpg,320.05615234375,0.3644513487815857,0.3376713395118713,2.0,1,['en'],"['the', 'tonight', 'us', 'tops', 'final', 'show', 'jimmy', 'medal', 'count', 'fallon']"
26,j6GZHokU_lY,WDR Doku,Sex gegen Geld? Eine Woche im Bordell | WDR Doku,"['WDR Doku', 'Dokumentation', 'Reportage', 'Doku', 'Dokus', 'WDR', 'Westdeutscher Rundfunk', 'Bordell', 'Puff', 'prostitution deutschland', 'Prostitution', 'Prostituierte', 'Donya', 'Donya Farahani', 'donya unterwegs', 'Unterwegs im westen', 'donya WdR', 'Sauerland', 'Farahani', 'Eine Woche', '7 Tage', 'Hier und Heute']",2018-03-13T15:36:13Z,6418539,42252.0,4120.0,,PT29M1S,hd,https://i.ytimg.com/vi/j6GZHokU_lY/hqdefault.jpg,11.027769088745115,0.1485622525215149,0.2873159945011139,1.0,1,['de'],"['doku', 'wor']"
27,7Cowj9kXIkI,NDR Doku,Sylt - K√∂stlichkeiten von der Insel | Landgemacht | NDR Doku,"['Doku', 'Dokumentation', 'Erzeugung', 'Galloway-Herde', 'Galloway-Rinder', 'Genuss', 'Geschichten', 'Insel', 'Koch', 'Kulinarik', 'Landgemacht', 'Lebensmittel', 'NDR', 'NDRDoku', 'Nordsee', 'Nordseek√ºste', 'Rantum', 'Reportage', 'Schaf', 'Schafe', 'Sylt', 'junge Leute']",2022-10-19T10:52:15Z,985606,3780.0,232.0,,PT1H28M26S,hd,https://i.ytimg.com/vi/7Cowj9kXIkI/hqdefault.jpg,11.858450889587402,0.3032586574554443,0.4663559198379516,1.0,1,['de'],"['ndr', 'geschmack', 'der', 'von', 'sylt']"
28,W0-GTJgwp9M,Feli from Germany,How to do a German accent (by a German native!) | Feli from Germany,"['Germany', 'USA', 'America', 'Munich', 'Cincinnati', 'Cultural Differences', 'Culture Shock', 'Kulturelle Unterschiede', 'Feli', 'Felicia', 'Deutschland', 'M√ºnchen', 'Amerika', 'Kulturschock', 'Ohio', 'USA vs. Germany', 'Comparison', 'Expat', 'Living abroad', 'Move to Germany', 'Life in Germany', 'Move to Europe', 'Life in USA', 'U.S.', 'Unterschiede Deutschland Amerika', 'how to sound German', 'deutscher akzent', 'german accent in english movies', 'German pronunciation', 'german accent', 'german language', 'native speaker', 'german accents hollywood']",2021-05-25T20:03:14Z,2047215,69596.0,6951.0,,PT13M3S,hd,https://i.ytimg.com/vi/W0-GTJgwp9M/hqdefault.jpg,347.24371337890625,0.1961318105459213,0.3754453063011169,1.0,1,['en'],"['stop', 'doing', 'those', 'fake', 'german', 'accentsh', 'this', 'do', 'insteadb']"
29,SUUZk7tstR0,Itsofficialmarco,Typisch Kinder an Weihnachten - HEUTE vs. DAMALSüòÇüéÑ itsofficialmarco,,2024-12-23T16:58:50Z,323780,25246.0,260.0,,PT59S,hd,https://i.ytimg.com/vi/SUUZk7tstR0/hqdefault.jpg,213.15725708007807,0.1533817946910858,0.3706327378749847,0.0,1,"['de', 'en']","['lypisch', 'kinderan', 'weihnachten', 'damals', 'heute', 'vs']"
30,AFgPu5HfIc4,Jo Semola,K√§seso√üe f√ºr Burger oder als Dip #Shorts,,2021-06-22T05:32:52Z,205356,7094.0,52.0,,PT35S,hd,https://i.ytimg.com/vi/AFgPu5HfIc4/hqdefault.jpg,236.04318237304688,0.1685608476400375,0.3034357726573944,0.0,0,['de'],[]
31,3E0c0vAxUOo,Claudetta Crochet,CROCHET easy BOW HEADBAND / Beginners,"['how to crochet easy headband', 'crochet bwo headband', 'crochet easy headband', 'crochet bow headband', 'crochet super easy bow headband', 'crochet headband for beginners', 'crochet', 'crocheting', 'crochet for beginners', 'diy', 'crochet tutorials', 'learn to crochet']",2020-11-04T17:34:22Z,1147031,18072.0,342.0,,PT17M48S,hd,https://i.ytimg.com/vi/3E0c0vAxUOo/hqdefault.jpg,329.7063903808594,0.4860892295837402,0.5374176502227783,0.0,1,['en'],"['how', 'to', 'crochet', 'easy', 'bow', 'headband', 'claucdella', 'cachst']"
32,NUs2vBTqqOo,follow me.reports,Hunde aus der H√∂lle - Letzte Chance Gnadenhof,"['kampfhund doku', 'kampfhund 2020', 'kampfhund dokumentation', 'kampfhund reportage', 'kampfhund follow me reports', 'kampfhund listenhunde', 'kampfhund h√∂llenhunde', 'kampfhund resozialisierung', 'kampfhund problemhunde', 'kampfhund bissig', 'kampfhund hundebesitzer', 'kampfhund gef√§hrlich', 'kampfhund hundetraining', 'kampfhund haustier', 'kampfhund bellen', 'kampfhund chico', 'kampfhund rassen', 'kampfhund dobermann', 'kampfhund pitbull']",2020-02-05T14:32:17Z,3163914,53418.0,3630.0,,PT18M45S,hd,https://i.ytimg.com/vi/NUs2vBTqqOo/hqdefault.jpg,356.0653076171875,0.2621151506900787,0.3027639985084533,1.0,1,['de'],"['follow', 'me', 'vorsicht', 'bissigh']"
33,MADZ7LBesd8,STRG_F,Sklaverei im Nagelstudio: wie schlimm ist es? | STRG_F,"['vietnam sklaverei', 'menschenhandel', 'menschenhandel nagelstudio', 'nagelstudio', 'nagelstudio sklaverei', 'moderne sklaverei', 'strgf', 'strgf funk', 'strg f', 'funk', 'reportage', 'doku', 'dokumentation', 'ndr', 'dokus', 'recherche', 'steuerung f', 'report', 'strg_f', 'insider', 'versteckte kamera', 'manik√ºre', 'manik√ºre sklaven', 'berlin', 'fulda', 'robert richardson', 'national crime agency', 'nca', 'kevin hyland']",2022-04-05T15:00:10Z,1221976,20212.0,1903.0,,PT18M30S,hd,https://i.ytimg.com/vi/MADZ7LBesd8/hqdefault.jpg,24.67489242553711,0.2126653790473938,0.3481327295303345,1.0,1,['de'],"['strg', 'ausbeutung', 'im', 'nagelstudio']"
34,EtzAwfOyoXc,Der Pierre M. Krause Kanal,Zu Besuch bei Bruce Darnell | SWR Krause kommt,"['Bruce Darnell', 'Krause kommt', 'Niederlande', 'Pierre M. Krause', 'Primetime-Juror', 'Vaals', 'Bruce Darnell 2021', 'SWR Krause kommt Bruce Darnell', 'Bruce Darnell Germanys next topmodel', 'Bruce Darnell heute', 'Bruce Darnell privat', 'Bruce Darnell Moderator', 'Pierre M Krause Bruce Darnell', 'bet:op=depub', 'bet:du=365']",2021-04-17T16:00:05Z,2716229,44092.0,3778.0,,PT44M43S,hd,https://i.ytimg.com/vi/EtzAwfOyoXc/hqdefault.jpg,223.76893615722656,0.3521715998649597,0.3572394549846649,1.0,1,['de'],"['swr', 'krause', 'zu', 'besuch', 'bruce', 'darnell', 'bei']"
35,i3spBn-6KCg,NDR Doku,Alles wird teurer: Leben mit der Inflation | Die Nordreportage | NDR Doku,"['Ausgaben', 'Doku', 'Dokumentation', 'Einkauf', 'Geld', 'Inflation', 'Lebensmittel', 'Reportage', 'Supermarkt', 'Ukraine', 'Verbraucher']",2022-04-28T08:39:18Z,511735,4727.0,1828.0,,PT28M50S,hd,https://i.ytimg.com/vi/i3spBn-6KCg/hqdefault.jpg,313.1389465332031,0.2744055688381195,0.2922829687595367,0.0,1,['de'],"['ndr', 'leben', 'mit', 'inflation', 'der']"
36,paekEk2uM3o,Ï∞∞Ïä§ÏóîÌÑ∞,ÌÄ∏Í∞ÄÎπÑ ÏÑ†Î∞∞ ÏßëÏóêÏÑú ÎÖ∏Í∞ÄÎ¶¨(with ÏäπÌóåÏì∞),"['ÏäπÌóåÏì∞', 'ÌÄ∏Í∞ÄÎπÑ', 'Í∞ÄÎπÑ', 'Í∞ÄÎπÑÍ±∏', 'gabeegirl', 'Î∞±ÏäπÌóå', 'ÏùëÌóå', 'ÏùëÌóåÏì∞', 'Ï∞∞Ïä§ÏóîÌÑ∞', 'Ïû¨Ïì∞ÎπÑ', 'Î¨∏Î™ÖÌäπÍ∏â', 'Î¨∏Ìäπ', 'ÎÖ∏Í∞ÄÎ¶¨', 'ISTP', 'ISTPÏó∞Ïï†', 'ISTPÌäπÏßï', 'ENFP']",2024-12-23T09:00:48Z,676894,23407.0,1737.0,,PT24M12S,hd,https://i.ytimg.com/vi/paekEk2uM3o/hqdefault.jpg,288.4947204589844,0.3449330329895019,0.2753595113754272,0.0,0,['ko'],"['ss', '7hoi', 'ee2', 'aznt']"
37,ECTA-ZL87G4,SWR Doku,Lebensl√§nglich - Der Fall Klaus Br√§unig  | Folge 1/4 | ARD Crime Time | (S07/E01),"['Br√§unig', 'Freiheitsstrafe', 'Geheimnisse', 'Mainz', 'Mord', 'Rechtsanw√§ltin', 'Totschlag', 'Unschuldig', 'SWR Doku', 'Doku', 'betrifft SWR', 'SWR Filme auf dem Dokukanal', 'ARD Dokus', 'Dokus Das Erste', '7 Tage', 'Mensch Leute', 'ard crime time', 'crime time', 'crimetime', 'true crime doku', 'Klaus Br√§unig lebensl√§nglich', 'Klaus Br√§unig unschuldig']",2022-07-01T17:00:18Z,357434,2436.0,664.0,,PT37M39S,hd,https://i.ytimg.com/vi/ECTA-ZL87G4/hqdefault.jpg,309.3016052246094,0.2669999599456787,0.3608317077159881,0.0,1,['de'],"['drd', 'trinetimes', 'unschuldig', 'jahre', '1lk', 'knaste', 'im']"
38,iNi2wbwcic0,Fleischgl√ºck,Ente aus dem Ofen in Perfektion - mit Lucki Maurer (inkl. Anleitung f√ºr den Grill),"['ente', 'ganze ente', 'ente im ofen', 'ganze ente im ofen', 'knusprig', 'ente knusprig', 'lucki maurer', 'fleischgl√ºck']",2021-12-03T16:00:12Z,484241,5306.0,655.0,,PT36M39S,hd,https://i.ytimg.com/vi/iNi2wbwcic0/hqdefault.jpg,300.6717529296875,0.4130983650684356,0.2560484409332275,1.0,1,['de'],"['aus', 'dem', 'ofen', 'ente', 'perfektionh', 'in', 'stot']"
39,yiwriXshuvY,SWR,Die gereizte Gesellschaft | SWR Nachtcaf√©,"['Alltagssituationen', 'Anzeigen', 'Auswirkungen', 'Drohungen', 'Gesellschaft', 'Gewalt', 'Hass', 'Medien', 'Meinung', 'Michael Steinbrecher', 'Nachtcaf√©', 'Polizei', 'Streit', 'Talk', 'Wur', 'Zusammenleben', 'gereizte Gesellschaft', '√Ñngste', '√Ñrger', '√ñffentlichkeit', '√úbergriffen']",2022-05-14T07:44:59Z,276363,2182.0,1112.0,,PT1H30M49S,hd,https://i.ytimg.com/vi/yiwriXshuvY/hqdefault.jpg,353.7611083984375,0.5188549757003784,0.3249319791793823,1.0,,['de'],[]
40,PzpxBbpN-lo,WDR Doku,"Fr√ºher Gef√§ngnis, heute Hochhaus: Udos zweite Chance | WDR Doku","['Gef√§ngnis', 'Einbrecher', 'Ex-Einbrecher', 'Doku', 'WDR Doku', 'Doku 2022', 'Rassismus', 'Drogen', 'Kriminalit√§t', 'Gef√§ngnis Doku', 'K√∂ln Kalk', 'K√∂ln Deutz', 'Kriminal Doku', 'Verbrecher', 'Diebstahl', 'Knast', 'Ex-H√§ftling', 'Wohnen', 'Mieter', 'Kriminalit√§t in Deutschland', 'Knasti', 'Knast Doku', 'Reportage', 'Einbruch', 'Einbrecher Doku', 'Glauben an Gott', 'Hochhaus', 'Haftentlassung', 'Bew√§hrung', 'k√∂ln', 'brennpunkt', 'leben √§ndern', 'neuer job', 'neue chance', 'vertrauen aufbauen', 'alkoholiker', 'beten hilft', 'pers√∂nlichkeitsentwicklung', 'sozialer aufstieg']",2022-05-19T16:00:24Z,157522,2069.0,268.0,,PT44M35S,hd,https://i.ytimg.com/vi/PzpxBbpN-lo/hqdefault.jpg,200.63087463378903,0.3615244328975677,0.237139418721199,1.0,1,['de'],"['kts', 'vom', 'einbrecher', 'doku', 'hausmeister', 'zum']"
41,udS5A_71JjQ,Der Fall,Get√∂tet mit Pfefferpistole - aus Notwehr? | Der Fall Boris R.,"['Y-kollektiv', 'crime', 'derfall', 'derfallfunk', 'doku', 'dokumentation', 'echte verbrechen', 'funk', 'gewalt', 'gewaltopfer', 'grenzen notwehr gewaltverbrechen', 'nemi elhassan', 'notwehr', 'notwehr mit pfefferspray', 'pfefferpistole', 'pfefferspray', 'reportage', 'strg_f', 'totschlag', 'trudoku', 'truecrime', 't√∂ten mit pfefferspray', 't√∂tung', 'verbrechen', 'verbrechen deutschland', 'wahre verbrechen', 'was ist notwehr', 'wie gef√§hrlich ist pfefferspray', 'wo h√∂rt notwehr auf', 'xenia verspohl', 'true crime']",2021-06-15T15:00:22Z,245187,5200.0,1415.0,,PT12M17S,hd,https://i.ytimg.com/vi/udS5A_71JjQ/hqdefault.jpg,20.51634979248047,0.2733661234378814,0.2406058311462402,1.0,1,['de'],"['der', 'fall', 'notwehr', 'schmaler', 'ein', 'grat']"
42,xrTBgHP_4J4,Metzgerei Brath,Krustenbraten mit krosser Schwarte üêñüî• Gelingt garantiert! üî¥,"['Metzgerei Karlsruhe', 'Alte Wutz', 'Heiko Brath', 'Grillkurse Karlsruhe']",2021-06-03T22:00:17Z,425917,5426.0,313.0,,PT7M29S,hd,https://i.ytimg.com/vi/xrTBgHP_4J4/hqdefault.jpg,279.1064758300781,0.4037072360515594,0.4185307621955871,1.0,1,['de'],"['gelingt', 'garantiert', 'brath', 'krustenbraten']"
43,YiQf558JYAg,Chefkoch,Burritos mexikanische Art mit Hackfleisch | Chefkoch.de,"['rezept', 'rezepte', 'DIY', 'kochen', 'essen', 'gericht', 'zubereitung', 'chefkoch', 'chefkoch.de', 'was koche ich heute', 'Fabio', 'Kochschule', 'Mexiko', 'Mexico', 'mexikanisches Essen', 'Burrito', 'Burritos', 'Esel', 'Esels√∂hrchen', 'Eselsohr', 'internationale K√ºche', 'Maisfladen', 'Mais-Fladen', 'Avocado', 'Avocados', 'Chili', 'K√§se', 'mit K√§se √ºberbacken', 'Teig gebacken', 'vom Grill', 'richtig rollen', 'mit Hackfleischf√ºllung', 'auflauf', 'Rezept']",2016-10-13T09:30:00Z,284471,3126.0,131.0,,PT7M1S,hd,https://i.ytimg.com/vi/YiQf558JYAg/hqdefault.jpg,206.7816772460937,0.3080001175403595,0.3786104023456573,0.0,0,['de'],[]
44,1jzGC_x3rTY,Chefkoch,"Butter, Zucker & Eier schaumig schlagen - So klappt's! | Chefkoch.de","['rezept', 'rezepte', 'DIY', 'kochen', 'essen', 'gericht', 'zubereitung', 'chefkoch', 'chefkoch.de', 'Backschule', 'backen', 'butter', 'zucker', 'eier', 'cremig', 'schaumig', 'aufschlagen', 'schlagen', 'kuchen', 'torte', 'cremes', 'profitipps', 'konditor']",2018-09-22T10:00:00Z,97664,574.0,37.0,,PT4M21S,hd,https://i.ytimg.com/vi/1jzGC_x3rTY/hqdefault.jpg,229.6350250244141,0.2184027284383773,0.415557324886322,0.0,0,['de'],[]
45,m3IqK_UPIZc,Zidaan Shahid Aly,Guys..Yeh Saazish Haiü§£ #zidaanshahidaly #brothersister #shorts,,2024-12-22T17:03:16Z,841939,55644.0,136.0,,PT21S,hd,https://i.ytimg.com/vi/m3IqK_UPIZc/hqdefault.jpg,252.7509155273437,0.3010462820529938,0.328702449798584,1.0,1,['en'],"['et', 'mouin']"
46,auyLo_jI6Ac,Cinema Strikes Back,Dieser Film wird euch die Schuhe ausziehen! TOP GUN: MAVERICK Kritik (2022),"['top gun maverick', 'top gun 2', 'top', 'gun', 'top gun', 'top gun kritik', 'top gun review', 'top gun trailer', 'top gun tom cruise', 'tom cruise', 'top gun maverick kritik', 'top gun maverick review', 'top gun maverick trailer', 'top gun maverick trailer deutsch', 'top gun maverick trailer german', 'top gun maverick tom cruise', 'top gun maverick cinema strikes back', 'top gun maverick csb', 'cinema', 'cinema strikes back', 'alper', 'funk', 'review', 'kritik', 'film', 'kino', 'action', '2022', 'filmkritik', 'top gun maverick filmkritik']",2022-05-19T15:00:01Z,150292,4809.0,550.0,,PT11M22S,hd,https://i.ytimg.com/vi/auyLo_jI6Ac/hqdefault.jpg,3.601002693176269,0.3867574036121368,0.2732177376747131,2.0,1,['de'],"['lineme', 'sbalk', 'top', 'gun', 'kritik']"
47,8JTeL_SvI0g,CookBakery,Super Dickmanns Torte / Schokokuss Torte / Schaumkuss Torte / Stracciatella Torte,"['Cookbakery', 'Duygubella', 'kochen', 'backen', 'cook', 'bake', 'kuchen', 'cake', 'pasta', 'torte', 'food', 'essen', 'yemek', 'love', 'liebe', 'k√ºche', 'kitchen', 'mutfak', 'rezept', 'rezepte', 'tarif', 'tarifler', 'recipe', 't√ºrkisch', 't√ºrkce', 'kochrezepte', 'backrezepte', 'bakery', 'lecker', 'lezzetli', 'delicious', 'yummy', 'T√ºrkische Rezepte', 'foodporn', 'foodgasm', 'how to make', ""Dickmann's Torte"", ""Super Dickmann's Torte"", 'Dickmanns Torte', 'super dickmanns torte', 'schokokuss torte', 'mohrenkopf torte', 'stracciatella torte', 'zitronen torte']",2017-01-22T09:00:00Z,312572,3974.0,171.0,,PT6M54S,hd,https://i.ytimg.com/vi/8JTeL_SvI0g/hqdefault.jpg,257.38092041015625,0.2342022657394409,0.4447258412837982,0.0,1,['de'],"['super', 'dickman']"
48,1HdEIFTrkkI,Lanelle Camacho,#fyp #foryou #shorts,,2024-12-23T14:57:57Z,631446,52504.0,120.0,,PT39S,hd,https://i.ytimg.com/vi/1HdEIFTrkkI/hqdefault.jpg,253.65982055664065,0.2655048072338104,0.3913562595844269,1.0,0,['en'],[]
49,qI2QpsWQgEA,WDR Doku,Die Reichen und M√§chtigen: Wer regiert Deutschland? - Ungleichland (3/3): Macht | WDR Doku,"['WDR Doku', 'Dokumentation', 'Reportage', 'Doku', 'Dokus', 'WDR', 'Westdeutscher Rundfunk', 'ungleichland', 'ungleichland reichtum', 'Christoph Gr√∂ner', 'wdr ungleichland', 'ungleichheit', 'deutschland geld', 'herkunftschancen', 'chancen', 'chancen deutschland', 'deutschland herkunftschancen', 'Deutschland Reichtum', 'Reich sein', 'deutschland elite', 'Deutschland Familie', 'Schule Chancen', 'chancengleichheit', 'armut', 'deutschland armut', 'reichtum', 'million√§r', 'geld', 'reich sein', 'reich werden']",2018-05-22T14:45:01Z,1542811,14989.0,2205.0,,PT43M53S,hd,https://i.ytimg.com/vi/qI2QpsWQgEA/hqdefault.jpg,265.9600524902344,0.2789058685302734,0.4592576324939728,2.0,1,['de'],"['cg', 'dokul']"
50,LcOsTBwcob0,Essen Recipes,Ich habe noch nie so etwas Leckeres gegessen‚ùóÔ∏è üîù Zwei einfache und erschwingliche Rezepte!,"['essen rezepte', 'rezept', 'rezepte', 'asmr', 'asmr cooking', 'asmr cooking no talking', 'essen', 'lieblingsrezepte', 'wie man kocht', 'einfaches rezept', 'rezepte schnell und einfach', 'leckeres rezept', 'billiges rezept', 'hackfleischrezept', 'einfache rezepte', 'yt:cc=on', 'einfaches abendessen', 'billiges abendessen rezept', 'kochrezept', 'Quesadilla', 'praktische rezepte', 'kochrezepte', 'k√∂stliches rezept', 'asmr no talking', 'schnelles hackfleisch rezept', 'gesunde rezepte', 'kreative rezept', 'schnelles rezept', 'kreative rezepte']",2022-06-16T23:17:58Z,3268410,48847.0,1162.0,,PT8M24S,hd,https://i.ytimg.com/vi/LcOsTBwcob0/hqdefault.jpg,239.5108184814453,0.5867125391960144,0.2683851718902588,0.0,0,['de'],['se']
